<?xml version="1.0" encoding="utf-8"?>
	<root>
		<item name="UnityData/Managed/Metadata/global-metadata.dat" md5="3e2726dc4f2d33330aa2130b438bb257"/>
		<item name="comlibs/arm64-v8a/liblogic.bytes" md5="4078ffcb63868a27d9d8ccbeff2944d0"/>
		<item name="comlibs/armeabi-v7a/liblogic.bytes" md5="42e3e2ce4e0fc400c2f53619d3ba512a"/>
		<item name="android/lua/logic.unity3d" md5="92c6c6a6811d8680686d7a239e733e1e"/>
		<item name="Art/android/ArtResource.unity3d" md5="ca5443c006a8feacc6234962a05f32c6"/>
		<item name="Document/android/Document.unity3d" md5="3270916f5be9fb95b0927586eb6ef42f"/>
		<item name="comlibs/x86/liblogic.bytes" md5="3a02da12a69d0c1e3714b886d91c8e79"/>
		<item name="UI/android/Atlas_Hero_Head.unity3d" md5="910f169509a17ef411342d384752dbe8"/>
		<item name="Art/android/ShaderVariants.unity3d" md5="92bb5f22b8c453994d8b1a3b7556a0db"/>
	</root>
